序号,原始英文名称,原始简称,规范英文名称,标准中文名称,中文名称参考链接,是否真实存在,官方网站,官网参考链接,UIA公开档案链接,成立年份,总部城市,总部国家或地区,组织类型,所属层级,是否建议前台展示,项目角色建议,UIA_Type_I,UIA_Type_II,UIA_Org_ID,核验状态,备注,公开宗旨摘要
1,Asia-Pacific Artificial Intelligence Association,AAIA,Asia-Pacific Artificial Intelligence Association,,,是,https://www.aaia-ai.org/,https://uia.org/s/or/en/1122288893,https://uia.org/s/or/en/1122288893,,Kowloon,Hong Kong,协会/学会/联盟,organization,是，可作为组织对象展示,组织库生态层,D,,AA4720,已核验,未检索到稳定中文名称,Build a broad AI industry to promote the development and application of AI in different fields of science and technology.
2,BNVKI-AIABN: Benelux Association for Artificial Intelligence,BNVKI-AIABN,BNVKI-AIABN: Benelux Association for Artificial Intelligence,,,是,http://bnvki.org/,https://uia.org/s/or/en/1122278316,https://uia.org/s/or/en/1122278316,1981,Eindhoven,Netherlands,协会/学会/联盟,organization,是，可作为组织对象展示,组织库生态层,D,,XJ9451,已核验,未检索到稳定中文名称,"Stimulate research on, and the application and education of Artificial Intelligence (AI), as well as dissemination of knowledge about AI."
3,Confederation of Laboratories for Artificial Intelligence Research in Europe,CAIRNE,Confederation of Laboratories for Artificial Intelligence Research in Europe,,,是,https://cairne.eu/,https://uia.org/s/or/en/1122284232,https://uia.org/s/or/en/1122284232,2018,The Hague,Netherlands,协会/学会/联盟,organization,是，可作为组织对象展示,组织库生态层,D,,AA0064,已核验,未检索到稳定中文名称,"Establish a pan-European network of Centres of Excellence in AI, strategically located throughout Europe, and a new, central facility with state-of-the-art, ""Google-scale"", CERN-like infrastructure – the CLAIRE Hub – that will promote new and existing talent and provide a focal point for exchange and interaction of researchers at all stages of their careers, across all areas of AI."
4,European Association for Artificial Intelligence,EurAI,European Association for Artificial Intelligence,,,是,https://eurai.org/,https://uia.org/s/or/en/1100036340,https://uia.org/s/or/en/1100036340,1982,,Paris France,协会/学会/联盟,organization,是，可作为组织对象展示,组织库生态层,D,,XD9186,已核验,未检索到稳定中文名称,"Promote research, education and applications of artificial intelligence in Europe."
5,European Society for Artificial Intelligence in Medicine,AIME,European Society for Artificial Intelligence in Medicine,,,是,http://aimedicine.info/,https://uia.org/s/or/en/1100054409,https://uia.org/s/or/en/1100054409,1986,Verona,Italy,协会/学会/联盟,organization,是，可作为组织对象展示,组织库生态层,D,,XD7867,已核验,未检索到稳定中文名称,Foster research in the application of artificial intelligence techniques to medical care and medical research; provide a forum for reporting significant results achieved at biennial conferences.
6,International Artificial Intelligence in Education Society,International AIED Society,International Artificial Intelligence in Education Society,,,是,http://iaied.org/,https://uia.org/s/or/en/1100000746,https://uia.org/s/or/en/1100000746,1997,Edinburgh,UK,协会/学会/联盟,organization,是，可作为组织对象展示,组织库生态层,D,v,XD6616,已核验,未检索到稳定中文名称,Advance knowledge and promote research and development in the field of artificial intelligence in education.
7,International Association for Artificial Intelligence and Law,IAAIL,International Association for Artificial Intelligence and Law,,,是,http://www.iaail.org/,https://uia.org/s/or/en/1100067522,https://uia.org/s/or/en/1100067522,1982,Florence,Italy,协会/学会/联盟,organization,是，可作为组织对象展示,组织库生态层,D,v,XD6625,已核验,未检索到稳定中文名称,"Support, develop and promote artificial intelligence and law at the international level."
8,Association for Uncertainty in Artificial Intelligence,AUAI,Association for Uncertainty in Artificial Intelligence,,,是,http://www.auai.org/,https://uia.org/s/or/en/1122270088,https://uia.org/s/or/en/1122270088,,Stanford CA,USA,协会/学会/联盟,organization,是，可作为组织对象展示,组织库生态层,E,c,XW0036,已核验,未检索到稳定中文名称,"Promote research in pursuit of advances in knowledge representation, learning and reasoning under uncertainty."
9,Iberoamerican Society of Artificial Intelligence,,Iberoamerican Society of Artificial Intelligence,,,是,http://www.iberamia.org/,https://uia.org/s/or/en/1100020289,https://uia.org/s/or/en/1100020289,1988,,Barcelona Spain,协会/学会/联盟,organization,是，可作为组织对象展示,组织库生态层,E,,XM2212,已核验,未检索到稳定中文名称,"Promote scientific and technological activities related to Artificial Intelligence in Ibero-American and Spanish and Portuguese-speaking countries; strengthen ties with scientific institutions as well as companies, institutions, public administrations and other international organizations; support teaching, research and technological transfer and innovation related to Artificial Intelligence; coordinate with Artificial Intelligence Associations of the Ibero-American countries, promoting activities and projects that help promote and disseminate Artificial Intelligence."
10,European Artificial Intelligence & Society Fund,European AI & Society Fund,European Artificial Intelligence & Society Fund,,,是,https://europeanaifund.org/,https://uia.org/s/or/en/1122286479,https://uia.org/s/or/en/1122286479,,Brussels,Belgium,倡议/伙伴关系/基金/委员会,organization,是，可作为组织对象展示,组织库核心候选,F,f,AA2311,已核验,未检索到稳定中文名称,Shape the direction of AI in Europe.
11,Global Partnership on Artificial Intelligence,GPAI,Global Partnership on Artificial Intelligence,,,是,https://gpai.ai/,https://uia.org/s/or/en/1122283899,https://uia.org/s/or/en/1122283899,2020,,,倡议/伙伴关系/基金/委员会,organization,是，可作为组织对象展示,组织库核心候选,F,g,XM8711,已核验,未检索到稳定中文名称,"Inform policy debates with a high-level, forward-looking, and long-term reflection from the scientific community and experts, in academia, research institutes and the industry."
12,International Joint Conferences on Artificial Intelligence,IJCAI,International Joint Conferences on Artificial Intelligence,,,是,http://ijcai.org/,https://uia.org/s/or/en/1100044323,https://uia.org/s/or/en/1100044323,1969,Vienna,USA,会议系列/活动平台,event,否，建议挂到行动库或工具库,行动库/事件层,F,c,XF1031,已核验,未检索到稳定中文名称,Disseminate information on Artificial Intelligence.
13,Pacific Rim International Conferences on Artificial Intelligence,PRICAI,Pacific Rim International Conferences on Artificial Intelligence,,,是,http://www.pricai.org/,https://uia.org/s/or/en/1122278267,https://uia.org/s/or/en/1122278267,1990,Nathan QLD,Japan,会议系列/活动平台,event,否，建议挂到行动库或工具库,行动库/事件层,F,c,XJ9450,已核验,未检索到稳定中文名称,Create an artificial intelligence (AI) conference promoting collaborative exploitation of AI in the Pacific Rim nations.
14,Association for the Advancement of Artificial Intelligence,AAAI,Association for the Advancement of Artificial Intelligence,,,是,http://www.aaai.org/,https://uia.org/s/or/en/1122278342,https://uia.org/s/or/en/1122278342,1979,Washington DC,USA,协会/学会/联盟,organization,是，可作为组织对象展示,组织库生态层,G,,XJ9452,已核验,未检索到稳定中文名称,Advance scientific understanding of the mechanisms underlying thought and intelligent behaviour and their embodiment in machines.
15,International Association for Artificial Intelligence and Ethics,IAAE,International Association for Artificial Intelligence and Ethics,,,是,https://iaae.ai/,https://uia.org/s/or/en/1122288091,https://uia.org/s/or/en/1122288091,,Seoul,Korea Rep,协会/学会/联盟,organization,是，可作为组织对象展示,组织库生态层,G,,AA3918,已核验,未检索到稳定中文名称,
16,Artificial Intelligence Forensics,AI Forensics,Artificial Intelligence Forensics,,,是,https://aiforensics.org/,https://uia.org/s/or/en/1122291135,https://uia.org/s/or/en/1122291135,2021,Paris,France,待人工细分,organization,是，可作为组织对象展示,待人工判断,J,,AA6962,已核验,未检索到稳定中文名称,"Apply innovative methods to uncover digital rights violations and provide information to help shape regulatory policies; shine a light on hidden algorithmic injustices, and work to bring accountability and transparency to the tech industry."
17,International Research Center for Artificial Intelligence under the auspices of UNESCO,IRCAI,International Research Center for Artificial Intelligence under the auspices of UNESCO,,,是,https://ircai.org/,https://uia.org/s/or/en/1122285686,https://uia.org/s/or/en/1122285686,2020,Ljubljana,Slovenia,研究中心/网络/联合体,organization,是，可作为组织对象展示,组织库/专题层,J,g,AA1518,已核验,未检索到稳定中文名称,"Engage in research, advocacy, capacity-building and dissemination of information about AI."
18,International Society for Logic and Artificial Intelligence,ISLAI,International Society for Logic and Artificial Intelligence,,,是,https://islai.org/,https://uia.org/s/or/en/1122290654,https://uia.org/s/or/en/1122290654,,Chisinau,Moldova,协会/学会/联盟,organization,是，可作为组织对象展示,组织库生态层,J,,AA6481,已核验,未检索到稳定中文名称,
19,AINL: Artificial Intelligence and Natural Language Conference,AINL,AINL: Artificial Intelligence and Natural Language Conference,,,是,https://ainlconf.ru/,https://uia.org/s/or/en/1122285870,https://uia.org/s/or/en/1122285870,2012,,,会议系列/活动平台,event,否，建议挂到行动库或工具库,行动库/事件层,S,c,AA1702,已核验,未检索到稳定中文名称,
20,Australasian Joint Conference on Artificial Intelligence,AJCAI,Australasian Joint Conference on Artificial Intelligence,,,是,https://ajcai26.org/,,https://uia.org/s/or/en/1122288644,,,,会议系列/活动平台,event,否，建议挂到行动库或工具库,行动库/事件层,S,c,AA4471,已核验,未读到稳定官网；未检索到稳定中文名称,
21,European Conference on the Impact of Artificial Intelligence and Robotics,ECIAIR,European Conference on the Impact of Artificial Intelligence and Robotics,,,是,https://www.academic-conferences.org/conferences/eciair/,https://uia.org/s/or/en/1122285567,https://uia.org/s/or/en/1122285567,,,,会议系列/活动平台,event,否，建议挂到行动库或工具库,行动库/事件层,S,c,AA1399,已核验,未检索到稳定中文名称,
22,International Conference on Applied Artificial Intelligence,ICAPAI,International Conference on Applied Artificial Intelligence,,,是,https://2ai-conference.org/,,https://uia.org/s/or/en/1122289956,,,,会议系列/活动平台,event,否，建议挂到行动库或工具库,行动库/事件层,S,c,AA5783,已核验,未读到稳定官网；未检索到稳定中文名称,
23,International Conference on Artificial Intelligence and Statistics,AISTATS,International Conference on Artificial Intelligence and Statistics,,,是,https://www.aistats.org/,https://uia.org/s/or/en/1122284292,https://uia.org/s/or/en/1122284292,1985,,Princeton NJ USA,会议系列/活动平台,event,否，建议挂到行动库或工具库,行动库/事件层,S,c,AA0124,已核验,未检索到稳定中文名称,
24,"International Conference on Frontiers of Artificial Intelligence, Ethics, and Multidisciplinary Applications",FAIEMA,"International Conference on Frontiers of Artificial Intelligence, Ethics, and Multidisciplinary Applications",,,是,https://www.faiema.org,https://uia.org/s/or/en/1122291723,https://uia.org/s/or/en/1122291723,,,,会议系列/活动平台,event,否，建议挂到行动库或工具库,行动库/事件层,S,c,AA7549,已核验,未检索到稳定中文名称,
25,International Conference on Innovation in Computer Science and Artificial Intelligence,ICAICONF,International Conference on Innovation in Computer Science and Artificial Intelligence,,,是,https://www.icaiconf.org/,https://uia.org/s/or/en/1122284467,https://uia.org/s/or/en/1122284467,2018,,Barcelona Spain,会议系列/活动平台,event,否，建议挂到行动库或工具库,行动库/事件层,S,c,AA0299,已核验,未检索到稳定中文名称,
26,"International Conference on the Integration of Constraint Programming, Artificial Intelligence, and Operations Research",CPAIOR,"International Conference on the Integration of Constraint Programming, Artificial Intelligence, and Operations Research",,,是,,,https://uia.org/s/or/en/1122285644,2004,,Nice France,会议系列/活动平台,event,否，建议挂到行动库或工具库,行动库/事件层,S,c,AA1476,已核验,未读到稳定官网；未检索到稳定中文名称,"Bring together interested researchers from Constraint Programming (CP), Artificial Intelligence (AI) and Operations Research (OR) to present new techniques or new applications; provide an opportunity for researchers in one area to learn about techniques in the others."
27,International FLINS Conference on Robotics and Artificial Intelligence,FLINS,International FLINS Conference on Robotics and Artificial Intelligence,,,是,,,https://uia.org/s/or/en/1122286281,1994,,Mol Belgium,会议系列/活动平台,event,否，建议挂到行动库或工具库,行动库/事件层,S,c,AA2113,已核验,未读到稳定官网；未检索到稳定中文名称,"Bridge the gap between machine intelligence and real complex systems via joint research between universities and international research institutions, encouraging interdisciplinary research and bringing multidiscipline researchers together."
28,"International Symposium on Artificial Intelligence, Robotics and Automation in Space",i-SAIRAS,"International Symposium on Artificial Intelligence, Robotics and Automation in Space",,,是,,,https://uia.org/s/or/en/1122291670,,,,会议系列/活动平台,event,否，建议挂到行动库或工具库,行动库/事件层,S,c,AA7496,已核验,未读到稳定官网；未检索到稳定中文名称,
29,Responsible Artificial Intelligence in the Military Domain Summit,REAIM,Responsible Artificial Intelligence in the Military Domain Summit,,,待人工复核,,,,,,,会议系列/活动平台,event,否，建议挂到行动库或工具库,行动库/事件层,S,cg,AA7416,未命中UIA公开档案,未命中 UIA profile；未读到稳定官网；未检索到稳定中文名称,
30,"Council of Europe Framework Convention on Artificial Intelligence and Human Rights, Democracy and the Rule of Law",,"Council of Europe Framework Convention on Artificial Intelligence and Human Rights, Democracy and the Rule of Law",,,是,https://www.coe.int/en/web/conventions/,https://uia.org/s/or/en/1122289214,https://uia.org/s/or/en/1122289214,2024,,Strasbourg France,规范文件/框架,instrument,否，建议挂到行动库或工具库,工具库/规范层,T,g,AA5041,已核验,未检索到稳定中文名称,
31,"Balcanic Union for Fuzzy Systems and Artificial Intelligence Fuzzy Sets and Systems, Romania",BUFSA,"Balcanic Union for Fuzzy Systems and Artificial Intelligence Fuzzy Sets and Systems, Romania",,,是,,,https://uia.org/s/or/en/1100029545,,,,待人工细分,organization,是，可作为组织对象展示,待人工判断,U,x,XJ0013,已核验,未读到稳定官网；未检索到稳定中文名称,
32,Global Commission on Responsible Artificial Intelligence in the Military Domain,GC REAIM,Global Commission on Responsible Artificial Intelligence in the Military Domain,,,是,https://hcss.nl/gcreaim/,https://uia.org/s/or/en/1122291588,https://uia.org/s/or/en/1122291588,2023,,,倡议/伙伴关系/基金/委员会,organization,是，可作为组织对象展示,组织库核心候选,U,d,AA7414,已核验,未检索到稳定中文名称,
33,"International Network of Cognitive Science, Artificial Intelligence and Neuroscience",,"International Network of Cognitive Science, Artificial Intelligence and Neuroscience",,,是,,,https://uia.org/s/or/en/1100052340,1986,,Zurich Switzerland,研究中心/网络/联合体,organization,是，可作为组织对象展示,组织库/专题层,U,dy,XF0362,已核验,未读到稳定官网；未检索到稳定中文名称,"Collect data about research on cognitive science, artificial intelligence and neuroscience."
34,Artificial General Intelligence Society,AGI Society,Artificial General Intelligence Society,,,是,https://agi-society.org/,https://uia.org/s/or/en/1122283293,https://uia.org/s/or/en/1122283293,2011,,,协会/学会/联盟,organization,是，可作为组织对象展示,组织库生态层,J,,XM7947,已核验,未检索到稳定中文名称,"Promote the study of artificial general intelligence (AGI), and the design of AGI systems; facilitate cooperation and communication among those."
35,Artificial General Intelligence Research Institute,AGIRI,Artificial General Intelligence Research Institute,,,是,http://www.agiri.org/,https://uia.org/s/or/en/1100022756,https://uia.org/s/or/en/1100022756,2001,Washington DC,USA,研究中心/网络/联合体,organization,是，可作为组织对象展示,组织库/专题层,N,j,XJ0281,已核验,未检索到稳定中文名称,Foster the creation of powerful and ethically positive artificial general intelligence.
36,International Machine Learning Society,IMLS,International Machine Learning Society,,,是,http://www.machinelearning.org/,https://uia.org/s/or/en/1100059478,https://uia.org/s/or/en/1100059478,,La Jolla CA,USA,协会/学会/联盟,organization,是，可作为组织对象展示,组织库生态层,G,,XM3576,已核验,未检索到稳定中文名称,Foster machine learning research.
37,Asian Conference on Machine Learning,ACML,Asian Conference on Machine Learning,,,是,https://www.acml-conf.org/,https://uia.org/s/or/en/1122287202,https://uia.org/s/or/en/1122287202,2009,,Nanjing China,会议系列/活动平台,event,否，建议挂到行动库或工具库,行动库/事件层,S,c,AA3029,已核验,未检索到稳定中文名称,
38,European Conference on Machine Learning,ECML,European Conference on Machine Learning,,,是,,,https://uia.org/s/or/en/1122290440,1986,,Orsay France,会议系列/活动平台,event,否，建议挂到行动库或工具库,行动库/事件层,S,cd,AA6267,已核验,未读到稳定官网；未检索到稳定中文名称,
39,European Conference on Machine Learning and Principles and Practice of Knowledge Discovery in Databases,ECML PKDD,European Conference on Machine Learning and Principles and Practice of Knowledge Discovery in Databases,,,是,https://ecmlpkdd.org/,https://uia.org/s/or/en/1122290442,https://uia.org/s/or/en/1122290442,2001,,,会议系列/活动平台,event,否，建议挂到行动库或工具库,行动库/事件层,S,c,AA6269,已核验,未检索到稳定中文名称,
40,"European Symposium on Artificial Neural Networks, Computational Intelligence and Machine Learning",ESANN,"European Symposium on Artificial Neural Networks, Computational Intelligence and Machine Learning",,,是,,,https://uia.org/s/or/en/1122282132,,,,会议系列/活动平台,event,否，建议挂到行动库或工具库,行动库/事件层,S,c,XS1844,已核验,未读到稳定官网；未检索到稳定中文名称,
41,"International Conference on Machine Learning, Optimization, and Data Science",LOD,"International Conference on Machine Learning, Optimization, and Data Science",,,是,,,https://uia.org/s/or/en/1122286574,2015,,Italy,会议系列/活动平台,event,否，建议挂到行动库或工具库,行动库/事件层,S,c,AA2401,已核验,未读到稳定官网；未检索到稳定中文名称,
42,New Pedagogies for Deep Learning,NPDL,New Pedagogies for Deep Learning,,,是,https://deep-learning.global/,https://uia.org/s/or/en/1122284459,https://uia.org/s/or/en/1122284459,2012,,Toronto ON Canada,待人工细分,organization,是，可作为组织对象展示,待人工判断,G,,AA0291,已核验,未检索到稳定中文名称,Transform learning by identifying new pedagogies that foster deep learning competencies and ways to measure progress.
43,Northern Lights Deep Learning Conference,NLDL,Northern Lights Deep Learning Conference,,,是,https://www.nldl.org/,https://uia.org/s/or/en/1122289006,https://uia.org/s/or/en/1122289006,,,,会议系列/活动平台,event,否，建议挂到行动库或工具库,行动库/事件层,S,c,AA4833,已核验,未检索到稳定中文名称,
44,Asia Pacific Neural Network Society,APNNS,Asia Pacific Neural Network Society,,,是,http://www.apnns.org/,https://uia.org/s/or/en/1100036473,https://uia.org/s/or/en/1100036473,1993,Tokyo,Japan,协会/学会/联盟,organization,是，可作为组织对象展示,组织库生态层,D,,XF4688,已核验,未检索到稳定中文名称,"Create a scientific and educational forum for students, educators, scientists, engineers, researchers, and the general public to learn about, share, contribute to, and to advance the state of knowledge in the theoretical modelling and analysis of behaviour and brain processes and their applications in technology."
45,European Neural Network Society,ENNS,European Neural Network Society,,,是,https://e-nns.org/,https://uia.org/s/or/en/1100028093,https://uia.org/s/or/en/1100028093,1991,Lausanne,Helsinki Finland,协会/学会/联盟,organization,是，可作为组织对象展示,组织库生态层,D,v,XD3441,已核验,未检索到稳定中文名称,Provide an interdisciplinary network for researchers coming from different disciplinary backgrounds with a common interest in the study of artificial and biological neural networks.
46,International Neural Network Society,INNS,International Neural Network Society,,,是,http://www.inns.org/,https://uia.org/s/or/en/1100063856,https://uia.org/s/or/en/1100063856,1987,Gainesville FL,USA,协会/学会/联盟,organization,是，可作为组织对象展示,组织库生态层,G,v,XG1925,已核验,未检索到稳定中文名称,
47,"European Symposium on Artificial Neural Networks, Computational Intelligence and Machine Learning",ESANN,"European Symposium on Artificial Neural Networks, Computational Intelligence and Machine Learning",,,是,,,https://uia.org/s/or/en/1122282132,,,,会议系列/活动平台,event,否，建议挂到行动库或工具库,行动库/事件层,S,c,XS1844,已核验,未读到稳定官网；未检索到稳定中文名称,
48,Asian Federation of Natural Language Processing,AFNLP,Asian Federation of Natural Language Processing,,,是,https://www.afnlp.org/web/,https://uia.org/s/or/en/1122276324,https://uia.org/s/or/en/1122276324,,,,协会/学会/联盟,organization,是，可作为组织对象展示,组织库生态层,D,,XJ6812,已核验,未检索到稳定中文名称,"Promote and enhance research and development relating to computational analysis and the automatic processing of all languages of importance to the Asian region without regard to differences in race, gender, language, religious belief or political stand."
49,Asian Federation of Computer Vision Societies,,Asian Federation of Computer Vision Societies,,,是,,,https://uia.org/s/or/en/1100041318,,Seoul,Korea Rep,协会/学会/联盟,organization,是，可作为组织对象展示,组织库生态层,D,,XM0430,已核验,未读到稳定官网；未检索到稳定中文名称,"Form a loose federation of Computer Vision, IP and related societies in Asia."
50,European Conference on Computer Vision,ECCV,European Conference on Computer Vision,,,是,http://eccv2014.org/,https://uia.org/s/or/en/1122269029,https://uia.org/s/or/en/1122269029,,,,会议系列/活动平台,event,否，建议挂到行动库或工具库,行动库/事件层,S,c,XM4077,已核验,未检索到稳定中文名称,
51,International Conference on Computer Vision Systems,ICVS,International Conference on Computer Vision Systems,,,是,,,https://uia.org/s/or/en/1122288672,,,,会议系列/活动平台,event,否，建议挂到行动库或工具库,行动库/事件层,S,c,AA4499,已核验,未读到稳定官网；未检索到稳定中文名称,
52,European Research Network for Cognitive Computer Vision Systems,EC Vision,European Research Network for Cognitive Computer Vision Systems,,,是,,,https://uia.org/s/or/en/1100050254,2002,,Nice France,研究中心/网络/联合体,organization,是，可作为组织对象展示,组织库/专题层,U,d,XJ3013,已核验,未读到稳定官网；未检索到稳定中文名称,"Promote research, education and application systems engineering in cognitive computer vision."
53,Big Data Value Association,BDVA,Big Data Value Association,,,是,https://bdva.eu/,https://uia.org/s/or/en/1122283886,https://uia.org/s/or/en/1122283886,,Brussels,Belgium,协会/学会/联盟,organization,是，可作为组织对象展示,组织库生态层,E,,XM8842,已核验,未检索到稳定中文名称,"Develop an innovation ecosystem that enables the data-driven and AI-enabled digital transformation of the economy and society in Europe; help advance and promote areas such as big data technologies and services, data platforms and data spaces, Industrial AI, data-driven value creation, standardisation and skills."
54,International Research Center of Big Data for Sustainable Development Goals,CBAS,International Research Center of Big Data for Sustainable Development Goals,,,是,http://www.cbas.ac.cn/en/,https://uia.org/s/or/en/1122290354,https://uia.org/s/or/en/1122290354,2020,Beijing,China,研究中心/网络/联合体,organization,是，可作为组织对象展示,组织库/专题层,G,j,AA6181,已核验,未检索到稳定中文名称,"Build a public big data science and technology platform in service of the 2030 Agenda for Sustainable Development, integrating scientific research, data services, technological innovation, policy-making support, and capacity building, with a goal of achieving the SDGs around the world."
55,International Symposium on Security and Privacy in Social Networks and Big Data,SocialSec,International Symposium on Security and Privacy in Social Networks and Big Data,,,是,,,https://uia.org/s/or/en/1122286552,2015,,Hangzhou China,会议系列/活动平台,event,否，建议挂到行动库或工具库,行动库/事件层,S,c,AA2379,已核验,未读到稳定官网；未检索到稳定中文名称,
56,Asian Association for Algorithms and Computation,AAAC,Asian Association for Algorithms and Computation,,,是,http://www.aa-ac.org/,https://uia.org/s/or/en/1122284388,https://uia.org/s/or/en/1122284388,2007,,,协会/学会/联盟,organization,是，可作为组织对象展示,组织库生态层,D,,AA0220,已核验,未检索到稳定中文名称,Promote collaborations in theoretical computer science within the region.
57,Interest Group on Algorithmic Foundations of Information Technology,IGAFIT,Interest Group on Algorithmic Foundations of Information Technology,,,是,https://igafit.mimuw.edu.pl/,https://uia.org/s/or/en/1122286553,https://uia.org/s/or/en/1122286553,2014,,,待人工细分,organization,是，可作为组织对象展示,待人工判断,F,v,AA2380,已核验,未检索到稳定中文名称,Integrate the European algorithms community; identify key researcyh challenges and themes.
58,AlgorithmWatch,,AlgorithmWatch,,,是,https://algorithmwatch.org/,https://uia.org/s/or/en/1122286478,https://uia.org/s/or/en/1122286478,2017,Berlin,Berlin Germany,待人工细分,organization,是，可作为组织对象展示,待人工判断,G,,AA2310,已核验,未检索到稳定中文名称,"Watch, unpack and analyze automated decision-making (ADM) systems and their impact on society."
59,Algorithms and Data Structures Symposium,WADS,Algorithms and Data Structures Symposium,,,是,https://www.wads.org/,https://uia.org/s/or/en/1122289889,https://uia.org/s/or/en/1122289889,1989,,,会议系列/活动平台,event,否，建议挂到行动库或工具库,行动库/事件层,S,c,AA5716,已核验,未检索到稳定中文名称,
60,European Symposium on Algorithms,ESA,European Symposium on Algorithms,,,是,,,https://uia.org/s/or/en/1122276653,,,,会议系列/活动平台,event,否，建议挂到行动库或工具库,行动库/事件层,S,c,XS1345,已核验,未读到稳定官网；未检索到稳定中文名称,
61,International Conference on Algorithms and Complexity,CIAC,International Conference on Algorithms and Complexity,,,是,,,https://uia.org/s/or/en/1122291839,1991,,,会议系列/活动平台,event,否，建议挂到行动库或工具库,行动库/事件层,S,c,AA7665,已核验,未读到稳定官网；未检索到稳定中文名称,
62,International Conference on Random Structures and Algorithms,RS & A,International Conference on Random Structures and Algorithms,,,是,,,https://uia.org/s/or/en/1122291258,1983,,,会议系列/活动平台,event,否，建议挂到行动库或工具库,行动库/事件层,S,c,AA7085,已核验,未读到稳定官网；未检索到稳定中文名称,
63,International Symposium on Algorithms and Computation,ISAAC,International Symposium on Algorithms and Computation,,,是,https://www.issac-conference.org/,https://uia.org/s/or/en/1122284389,https://uia.org/s/or/en/1122284389,1990,,,会议系列/活动平台,event,否，建议挂到行动库或工具库,行动库/事件层,S,c,AA0221,已核验,未检索到稳定中文名称,
64,International Workshop on Combinatorial Algorithms,IWOCA,International Workshop on Combinatorial Algorithms,,,是,http://www.iwoca.org/,https://uia.org/s/or/en/1122288865,https://uia.org/s/or/en/1122288865,1989,,Australia,会议系列/活动平台,event,否，建议挂到行动库或工具库,行动库/事件层,S,c,AA4692,已核验,未检索到稳定中文名称,
65,Scandinavian Symposium on Algorithm Theory,SWAT,Scandinavian Symposium on Algorithm Theory,,,是,https://swat-symposium.org/,https://uia.org/s/or/en/1122289888,https://uia.org/s/or/en/1122289888,,,,会议系列/活动平台,event,否，建议挂到行动库或工具库,行动库/事件层,S,c,AA5715,已核验,未检索到稳定中文名称,
66,Superconducting Qubits and Algorithms Conference,SQA,Superconducting Qubits and Algorithms Conference,,,待人工复核,,,,,,,会议系列/活动平台,event,否，建议挂到行动库或工具库,行动库/事件层,S,c,AA3778,未命中UIA公开档案,未命中 UIA profile；未读到稳定官网；未检索到稳定中文名称,
67,"Symposium on Algorithmic Approaches for Transportation Modeling, Optimization, and Systems",ATMOS,"Symposium on Algorithmic Approaches for Transportation Modeling, Optimization, and Systems",,,是,https://atmos-symposium.eu/,https://uia.org/s/or/en/1122286701,https://uia.org/s/or/en/1122286701,2001,,Greece,会议系列/活动平台,event,否，建议挂到行动库或工具库,行动库/事件层,S,c,AA2528,已核验,未检索到稳定中文名称,
68,Symposium on Experimental Algorithms,SEA,Symposium on Experimental Algorithms,,,是,,,https://uia.org/s/or/en/1122289180,,,,会议系列/活动平台,event,否，建议挂到行动库或工具库,行动库/事件层,S,c,AA5007,已核验,未读到稳定官网；未检索到稳定中文名称,
69,International Society for Genetic Algorithms,,International Society for Genetic Algorithms,,,是,,,https://uia.org/s/or/en/1100045081,1985,,,协会/学会/联盟,organization,是，可作为组织对象展示,组织库生态层,U,d,XM0341,已核验,未读到稳定官网；未检索到稳定中文名称,
70,Asia Cloud Computing Association,ACCA,Asia Cloud Computing Association,,,是,http://asiacloudcomputing.org/,https://uia.org/s/or/en/1122278782,https://uia.org/s/or/en/1122278782,2010,,,协会/学会/联盟,organization,是，可作为组织对象展示,组织库生态层,D,t,XM4095,已核验,未检索到稳定中文名称,Establish collaboration among cloud stakeholders in Asia to accelerate the growth of the cloud market.
71,"High Performance, Edge and Cloud computing",HiPEAC,"High Performance, Edge and Cloud computing",,,是,https://www.hipeac.net/,https://uia.org/s/or/en/1122286324,https://uia.org/s/or/en/1122286324,2004,,,待人工细分,organization,是，可作为组织对象展示,待人工判断,F,,AA2156,已核验,未检索到稳定中文名称,Stimulate and reinforce the development of the European computing ecosystem through roadmapping and networking activities.
72,International Virtual Assistants Association,IVAA,International Virtual Assistants Association,,,是,http://www.ivaa.org/,https://uia.org/s/or/en/1100014240,https://uia.org/s/or/en/1100014240,1999,Henderson NV,USA,协会/学会/联盟,organization,是，可作为组织对象展示,组织库生态层,N,t,XN9855,已核验,未检索到稳定中文名称,Promote professional education and development of members of the virtual assistance profession; educate the public on the role and function of the virtual assistant.
73,Clinical Robotic Surgery Association,CRSA,Clinical Robotic Surgery Association,,,是,https://clinicalrobotics.com/,https://uia.org/s/or/en/1122286426,https://uia.org/s/or/en/1122286426,2009,Chicago IL,USA,协会/学会/联盟,organization,是，可作为组织对象展示,组织库生态层,C,,AA2258,已核验,未检索到稳定中文名称,Spread robotic techniques in general surgery and its related specialties.
74,Global Robot Cluster,GRC,Global Robot Cluster,,,是,http://www.higrc.org/,https://uia.org/s/or/en/1122286105,https://uia.org/s/or/en/1122286105,2017,Daegu,Korea Rep,待人工细分,organization,是，可作为组织对象展示,待人工判断,C,,AA1937,已核验,未检索到稳定中文名称,Support the development and business of robotics technology.
75,International Federation of Robotics,IFR,International Federation of Robotics,,,是,https://ifr.org/,https://uia.org/s/or/en/1100033461,https://uia.org/s/or/en/1100033461,1987,Frankfurt-Main,Germany,协会/学会/联盟,organization,是，可作为组织对象展示,组织库生态层,C,,XD1851,已核验,未检索到稳定中文名称,"Promote research, development, use and international cooperation in the entire field of robotics; act as focal point for organizations, governmental representatives and robotics manufacturing companies in related activities."
76,Robotic Assisted Microsurgical and Endoscopic Society,RAMSES,Robotic Assisted Microsurgical and Endoscopic Society,,,是,,,https://uia.org/s/or/en/1122282461,2010,Clermont FL,USA,协会/学会/联盟,organization,是，可作为组织对象展示,组织库生态层,C,,XM7484,已核验,未读到稳定官网；未检索到稳定中文名称,Further the development and application of robotic assisted microsurgical tools and platforms for enhanced surgical and patient outcomes.
77,"Robotics, Informatics, and Intelligent control Technology Association",RIITA,"Robotics, Informatics, and Intelligent control Technology Association",,,是,,,https://uia.org/s/or/en/1122282976,,Pathum Thani,Thailand,协会/学会/联盟,organization,是，可作为组织对象展示,组织库生态层,C,,XM8071,已核验,未读到稳定官网；未检索到稳定中文名称,"Propose empirical research that tests, extends or builds business management theory and contributes to management practice."
78,Asia Pacific Association of Robotic Surgeons,APARS,Asia Pacific Association of Robotic Surgeons,,,是,http://www.apars-surgery.org/,https://uia.org/s/or/en/1122284373,https://uia.org/s/or/en/1122284373,,Seoul,Korea Rep,协会/学会/联盟,organization,是，可作为组织对象展示,组织库生态层,D,,AA0205,已核验,未检索到稳定中文名称,
79,Asian Society for Gynecologic Robotic Surgery,ASGRS,Asian Society for Gynecologic Robotic Surgery,,,是,https://www.asgrs.net,https://uia.org/s/or/en/1122286287,https://uia.org/s/or/en/1122286287,2015,Singapore,Singapore,协会/学会/联盟,organization,是，可作为组织对象展示,组织库生态层,D,,AA2119,已核验,未检索到稳定中文名称,"Raise the bar on women’s surgical healthcare in Asia with robot-assisted surgery through research, innovation and leadership."
80,International Association for Automation and Robotics in Construction,IAARC,International Association for Automation and Robotics in Construction,,,是,http://www.iaarc.org/,https://uia.org/s/or/en/1100016420,https://uia.org/s/or/en/1100016420,1990,,,协会/学会/联盟,organization,是，可作为组织对象展示,组织库生态层,D,t,XD8114,已核验,未检索到稳定中文名称,"Promote automation and robotics in construction for prefabrication, on site, and facility management, robot oriented design."
81,Society of European Robotic Gynaecological Surgery,SERGS,Society of European Robotic Gynaecological Surgery,,,是,http://www.sergs.org/,https://uia.org/s/or/en/1122279883,https://uia.org/s/or/en/1122279883,2009,Prague,Czechia,协会/学会/联盟,organization,是，可作为组织对象展示,组织库生态层,D,,XM5307,已核验,未检索到稳定中文名称,Develop knowledge in robotic surgery in Europe.
82,International Committee for Robot Arms Control,ICRAC,International Committee for Robot Arms Control,,,是,http://www.icrac.net/,https://uia.org/s/or/en/1100011868,https://uia.org/s/or/en/1100011868,2009,Sheffield,Sheffield UK,待人工细分,organization,是，可作为组织对象展示,待人工判断,E,,XJ0783,已核验,未检索到稳定中文名称,Debate about an arms control regime to reduce the threat posed by the rapid pace of development of military robotics and the pressing dangers that these pose to peace and international security and to civilians in war.
83,Robotics: Science and Systems Foundation,RSS Foundation,Robotics: Science and Systems Foundation,,,是,https://www.roboticsfoundation.org,https://uia.org/s/or/en/1122277483,https://uia.org/s/or/en/1122277483,,,,待人工细分,organization,是，可作为组织对象展示,待人工判断,E,c,XS1412,已核验,未检索到稳定中文名称,
84,Campaign to Stop Killer Robots,,Campaign to Stop Killer Robots,,,是,http://www.stopkillerrobots.org/,https://uia.org/s/or/en/1122277266,https://uia.org/s/or/en/1122277266,2013,New York NY,USA,倡议/伙伴关系/基金/委员会,organization,是，可作为组织对象展示,组织库核心候选,F,y,XJ8318,已核验,未检索到稳定中文名称,Ban fully autonomous weapons .
85,euRobotics,,euRobotics,,,是,https://eu-robotics.net/,https://uia.org/s/or/en/1122276825,https://uia.org/s/or/en/1122276825,2012,Brussels,Belgium,待人工细分,organization,是，可作为组织对象展示,待人工判断,F,y,XJ7523,已核验,未检索到稳定中文名称,"Boost European robotics research, development and innovation; foster a positive perception of robotics."
86,Foundation for Responsible Robotics,FRR,Foundation for Responsible Robotics,,,是,,,https://uia.org/s/or/en/1122280609,2015,The Hague,Twente Netherlands,待人工细分,organization,是，可作为组织对象展示,待人工判断,F,f,XM5918,已核验,未读到稳定官网；未检索到稳定中文名称,"Promote responsible design, development, implementation, and policy of robots embedded in society; influence the future development and application of robotics such that it embeds the standards, methods, principles, capabilities, and policy points, as they relate to the responsible design and deployment of robotic systems."
87,International Advanced Robotics Programme,IARP,International Advanced Robotics Programme,,,是,,,https://uia.org/s/or/en/1100003566,1982,Manchester,Versailles France,待人工细分,organization,是，可作为组织对象展示,待人工判断,F,g,XF7144,已核验,未读到稳定官网；未检索到稳定中文名称,"Foster international cooperation aiming to develop robot systems able to dispense with human exposure to difficult activities in harsh, demanding or dangerous conditions or environments."
88,International Foundation of Robotics Research,IFRR,International Foundation of Robotics Research,,,是,http://www.ifrr.org/,https://uia.org/s/or/en/1100059949,https://uia.org/s/or/en/1100059949,1986,Stanford CA,USA,待人工细分,organization,是，可作为组织对象展示,待人工判断,F,f,XF7108,已核验,未检索到稳定中文名称,"Promote the development of robotics research as a scientific field establishing the theoretical foundations and technology basis for its ever expanding applications, with emphasis on its potential role to benefit humans."
89,Robot Framework Foundation,,Robot Framework Foundation,,,是,https://robotframework.org/foundation/,https://uia.org/s/or/en/1122282786,https://uia.org/s/or/en/1122282786,,Helsinki,Finland,规范文件/框架,instrument,否，建议挂到行动库或工具库,工具库/规范层,F,f,XM7916,已核验,未检索到稳定中文名称,Foster the growth of Robot Framework.
90,Asia Pacific Assistive Robotics Association,APARA,Asia Pacific Assistive Robotics Association,,,是,https://www.aibotics.tech/,https://uia.org/s/or/en/1122287092,https://uia.org/s/or/en/1122287092,2019,Singapore,Singapore,协会/学会/联盟,organization,是，可作为组织对象展示,组织库生态层,G,,AA2919,已核验,未检索到稳定中文名称,Enhance the use of robotics to augment human capability and potential; stay connected with a network of technology enablers; assist adopters to enjoy the experience of the transformation journey.
91,International Society of Artificial Life and Robotics,ISAROB,International Society of Artificial Life and Robotics,,,是,http://isarob.org/,https://uia.org/s/or/en/1122277638,https://uia.org/s/or/en/1122277638,,Oita,Japan,协会/学会/联盟,organization,是，可作为组织对象展示,组织库生态层,G,,XJ8560,已核验,未检索到稳定中文名称,
92,Society of Robotic Surgery,SRS,Society of Robotic Surgery,,,是,https://srobotics.org/,https://uia.org/s/or/en/1122283117,https://uia.org/s/or/en/1122283117,,East Dundee IL,USA,协会/学会/联盟,organization,是，可作为组织对象展示,组织库生态层,G,,XM8325,已核验,未检索到稳定中文名称,Tackle the complex issues of robotic surgery.
93,World Robot Cooperation Organization,WRCO,World Robot Cooperation Organization,,,是,https://www.wrco.org.cn/,https://uia.org/s/or/en/1122288488,https://uia.org/s/or/en/1122288488,2022,Beijing,Beijing China,待人工细分,organization,是，可作为组织对象展示,待人工判断,G,,AA4315,已核验,未检索到稳定中文名称,Promote international exchange and cooperation in robotics; facilitate information sharing and open science in robotics; make robots better benefit humankind.
94,European Robotic Urology Society,ERUS,European Robotic Urology Society,,,是,,,https://uia.org/s/or/en/1100068629,2004,,France,协会/学会/联盟,organization,是，可作为组织对象展示,组织库生态层,H,d,XJ1714,已核验,未读到稳定官网；未检索到稳定中文名称,"Create an international platform, dedicated to the evolution and development of robotics in urology."
95,Minimally Invasive Robotic Association,MIRA,Minimally Invasive Robotic Association,,,是,,,https://uia.org/s/or/en/1100027661,2004,,,协会/学会/联盟,organization,是，可作为组织对象展示,组织库生态层,H,d,XM0337,已核验,未读到稳定官网；未检索到稳定中文名称,"Serve as a professional surgical society dedicated to the furtherance of information relative to the field of minimally invasive robotics and the promotion of activities that will lead to the improvement of minimally invasive robotic techniques; further the study, perfection and innovation of these techniques for the purpose of improving patient care."
96,Eurobot,,Eurobot,,,是,https://www.eurobot.org/,https://uia.org/s/or/en/1122286853,https://uia.org/s/or/en/1122286853,2004,Evry,France,待人工细分,organization,是，可作为组织对象展示,待人工判断,J,,AA2680,已核验,未检索到稳定中文名称,Foster and develop interest in robotics in young people on an international scale.
97,International Consortium on Rehabilitation Robotics,ICORR,International Consortium on Rehabilitation Robotics,,,是,https://icorr-c.org/,https://uia.org/s/or/en/1122279106,https://uia.org/s/or/en/1122279106,2011,,Zurich Switzerland,研究中心/网络/联合体,organization,是，可作为组织对象展示,组织库/专题层,J,,XM4427,已核验,未检索到稳定中文名称,"Promote the field by bringing together engineers, scientists, clinicians, policy makers, and industry; share experiences and resources; fast-track knowledge transfer from the research lab, to industry and to clinical practice."
98,International Robot Olympiad Committee,IROC,International Robot Olympiad Committee,,,是,https://www.iroc.org/,https://uia.org/s/or/en/1122283524,https://uia.org/s/or/en/1122283524,,Seoul,Korea Rep,待人工细分,organization,是，可作为组织对象展示,待人工判断,J,,XM8425,已核验,未检索到稳定中文名称,Promote scientific thinking ability of teenagers; develop the talent of students interested in the field of robotics; increase the demands on private robot and familiarize with robot culture.
99,Robot Intelligence Technology and Applications Association,RiTA,Robot Intelligence Technology and Applications Association,,,是,https://icrita.org/,https://uia.org/s/or/en/1122290282,https://uia.org/s/or/en/1122290282,2021,,,协会/学会/联盟,organization,是，可作为组织对象展示,组织库生态层,J,c,AA6109,已核验,未检索到稳定中文名称,Foster community solidarity among roboticists.
100,SPRINT Robotics Collaborative,,SPRINT Robotics Collaborative,,,是,https://sprintrobotics.org/,https://uia.org/s/or/en/1122289758,https://uia.org/s/or/en/1122289758,2015,Hilversum,Netherlands,待人工细分,organization,是，可作为组织对象展示,待人工判断,J,,AA5585,已核验,未检索到稳定中文名称,Achieve field use of robotics for Inspection &amp; Maintenance (I&amp;M) of capital-intensive infrastructure assets on a large scale to address immediate needs and long-term industry priorities.
101,Asian Robotic Camp for Colorectal Surgeons,ARCCS,Asian Robotic Camp for Colorectal Surgeons,,,是,http://www.arccs.co.kr/,https://uia.org/s/or/en/1122286468,https://uia.org/s/or/en/1122286468,2012,,Daegu Korea Rep,会议系列/活动平台,event,否，建议挂到行动库或工具库,行动库/事件层,S,c,AA2300,已核验,未检索到稳定中文名称,Foster and better develop robotic technology for Colorectal Surgeons in Asia.
102,Challenges in Laparoscopy & Robotics - European Congress of Laparoscopy and Robotics,CILR,Challenges in Laparoscopy & Robotics - European Congress of Laparoscopy and Robotics,,,是,http://www.challengesinlaparoscopy.it/cil/,https://uia.org/s/or/en/1122289668,https://uia.org/s/or/en/1122289668,2004,,,会议系列/活动平台,event,否，建议挂到行动库或工具库,行动库/事件层,S,c,AA5495,已核验,未检索到稳定中文名称,
103,Conference on New Technologies for Computer and Robot Assisted Surgery,CRAS,Conference on New Technologies for Computer and Robot Assisted Surgery,,,待人工复核,,,,2011,,,会议系列/活动平台,event,否，建议挂到行动库或工具库,行动库/事件层,S,c,XS0396,未命中UIA公开档案,未命中 UIA profile；未读到稳定官网；未检索到稳定中文名称,
104,Conference on Robot Learning,CoRL,Conference on Robot Learning,,,待人工复核,,,,2017,,,会议系列/活动平台,event,否，建议挂到行动库或工具库,行动库/事件层,S,c,AA7274,未命中UIA公开档案,未命中 UIA profile；未读到稳定官网；未检索到稳定中文名称,
105,European Conference on the Impact of Artificial Intelligence and Robotics,ECIAIR,European Conference on the Impact of Artificial Intelligence and Robotics,,,是,https://www.academic-conferences.org/conferences/eciair/,https://uia.org/s/or/en/1122285567,https://uia.org/s/or/en/1122285567,,,,会议系列/活动平台,event,否，建议挂到行动库或工具库,行动库/事件层,S,c,AA1399,已核验,未检索到稳定中文名称,
106,International Conference on Applied Robotics for the Power Industry,CARPI,International Conference on Applied Robotics for the Power Industry,,,待人工复核,,,,2010,,,会议系列/活动平台,event,否，建议挂到行动库或工具库,行动库/事件层,S,ct,XS0380,未命中UIA公开档案,未命中 UIA profile；未读到稳定官网；未检索到稳定中文名称,
107,"International Conference on Control, Automation, Robotics and Vision",ICARCV,"International Conference on Control, Automation, Robotics and Vision",,,待人工复核,,,,1990,,,会议系列/活动平台,event,否，建议挂到行动库或工具库,行动库/事件层,S,c,AA4033,未命中UIA公开档案,未命中 UIA profile；未读到稳定官网；未检索到稳定中文名称,
108,"International Conference on Manipulation, Automation and Robotics at Small Scales",MARSS,"International Conference on Manipulation, Automation and Robotics at Small Scales",,,待人工复核,,,,2016,,,会议系列/活动平台,event,否，建议挂到行动库或工具库,行动库/事件层,S,c,AA0416,未命中UIA公开档案,未命中 UIA profile；未读到稳定官网；未检索到稳定中文名称,
109,International Conference on Social Robotics,ICSR,International Conference on Social Robotics,,,待人工复核,,,,2009,,,会议系列/活动平台,event,否，建议挂到行动库或工具库,行动库/事件层,S,c,AA0585,未命中UIA公开档案,未命中 UIA profile；未读到稳定官网；未检索到稳定中文名称,
110,International Conference on Space Robotics,iSpaRo,International Conference on Space Robotics,,,待人工复核,,,,2024,,,会议系列/活动平台,event,否，建议挂到行动库或工具库,行动库/事件层,S,c,AA7497,未命中UIA公开档案,未命中 UIA profile；未读到稳定官网；未检索到稳定中文名称,
111,International FLINS Conference on Robotics and Artificial Intelligence,FLINS,International FLINS Conference on Robotics and Artificial Intelligence,,,是,,,https://uia.org/s/or/en/1122286281,1994,,Mol Belgium,会议系列/活动平台,event,否，建议挂到行动库或工具库,行动库/事件层,S,c,AA2113,已核验,未读到稳定官网；未检索到稳定中文名称,"Bridge the gap between machine intelligence and real complex systems via joint research between universities and international research institutions, encouraging interdisciplinary research and bringing multidiscipline researchers together."
112,"International Symposium on Artificial Intelligence, Robotics and Automation in Space",i-SAIRAS,"International Symposium on Artificial Intelligence, Robotics and Automation in Space",,,是,,,https://uia.org/s/or/en/1122291670,,,,会议系列/活动平台,event,否，建议挂到行动库或工具库,行动库/事件层,S,c,AA7496,已核验,未读到稳定官网；未检索到稳定中文名称,
113,"Centre de robotique pour Hermès et Columbus, Bruxelles",,"Centre de robotique pour Hermès et Columbus, Bruxelles",,,待人工复核,,,,,,,研究中心/网络/联合体,organization,是，可作为组织对象展示,组织库/专题层,U,s,XU6242,未命中UIA公开档案,未命中 UIA profile；未读到稳定官网；未检索到稳定中文名称,
114,Eurobot,,Eurobot,,,是,https://www.eurobot.org/,https://uia.org/s/or/en/1122286853,https://uia.org/s/or/en/1122286853,2004,,,待人工细分,organization,是，可作为组织对象展示,待人工判断,U,x,XU8477,已核验,未检索到稳定中文名称,Foster and develop interest in robotics in young people on an international scale.
115,European Association for Research in Legged Robots,EARLR,European Association for Research in Legged Robots,,,待人工复核,,,,1993,,,协会/学会/联盟,organization,是，可作为组织对象展示,组织库生态层,U,d,XD3515,未命中UIA公开档案,未命中 UIA profile；未读到稳定官网；未检索到稳定中文名称,
116,European Robotics Forum,IRF ERF,European Robotics Forum,,,待人工复核,,,,2001,,,会议系列/活动平台,event,否，建议挂到行动库或工具库,行动库/事件层,U,d,XJ3677,未命中UIA公开档案,未命中 UIA profile；未读到稳定官网；未检索到稳定中文名称,
117,European Robotics Research Network,EURON,European Robotics Research Network,,,待人工复核,,,,,,,研究中心/网络/联合体,organization,是，可作为组织对象展示,组织库/专题层,U,d,XF7109,未命中UIA公开档案,未命中 UIA profile；未读到稳定官网；未检索到稳定中文名称,
118,Institut international de robotique et d'intelligence artificielle de Marseille,IIRIAM,Institut international de robotique et d'intelligence artificielle de Marseille,,,待人工复核,,,,1984,,,待人工细分,organization,是，可作为组织对象展示,待人工判断,U,jx,XG7181,未命中UIA公开档案,未命中 UIA profile；未读到稳定官网；未检索到稳定中文名称,
119,International Institute for Robotics,IRR,International Institute for Robotics,,,待人工复核,,,,1960,,,研究中心/网络/联合体,organization,是，可作为组织对象展示,组织库/专题层,U,dj,XU6529,未命中UIA公开档案,未命中 UIA profile；未读到稳定官网；未检索到稳定中文名称,
120,"International Robotics and Factory Automation Centre, Tokyo",,"International Robotics and Factory Automation Centre, Tokyo",,,待人工复核,,,,,Tokyo,Japan,研究中心/网络/联合体,organization,是，可作为组织对象展示,组织库/专题层,U,x,XN5116,未命中UIA公开档案,未命中 UIA profile；未读到稳定官网；未检索到稳定中文名称,
121,International Service Robot Association,ISRA,International Service Robot Association,,,待人工复核,,,,1984,Ann Arbor MI,USA,协会/学会/联盟,organization,是，可作为组织对象展示,组织库生态层,U,x,XN6359,未命中UIA公开档案,未命中 UIA profile；未读到稳定官网；未检索到稳定中文名称,
122,Interrobot,,Interrobot,,,待人工复核,,,,1985,,,待人工细分,organization,是，可作为组织对象展示,待人工判断,U,dg,XU7092,未命中UIA公开档案,未命中 UIA profile；未读到稳定官网；未检索到稳定中文名称,
123,Network of Oriental Robotic Telescopes,NORT,Network of Oriental Robotic Telescopes,,,待人工复核,,,,,,,研究中心/网络/联合体,organization,是，可作为组织对象展示,组织库/专题层,U,d,XF5879,未命中UIA公开档案,未命中 UIA profile；未读到稳定官网；未检索到稳定中文名称,
124,Robotics International,RI-SME,Robotics International,,,待人工复核,,,,1980,Dearborn MI,USA,待人工细分,organization,是，可作为组织对象展示,待人工判断,U,x,XN2480,未命中UIA公开档案,未命中 UIA profile；未读到稳定官网；未检索到稳定中文名称,
125,World Robotic Boxing Association,,World Robotic Boxing Association,,,待人工复核,,,,,Cumberland IA,USA,协会/学会/联盟,organization,是，可作为组织对象展示,组织库生态层,U,x,XN7994,未命中UIA公开档案,未命中 UIA profile；未读到稳定官网；未检索到稳定中文名称,
126,Brain-Computer Interface Society,BCI Society,Brain-Computer Interface Society,,,待人工复核,,,,2015,Victoria BC,Canada,协会/学会/联盟,organization,是，可作为组织对象展示,组织库生态层,C,,AA1463,未命中UIA公开档案,未命中 UIA profile；未读到稳定官网；未检索到稳定中文名称,
127,Adiabatic Quantum Computing Conference,AQC,Adiabatic Quantum Computing Conference,,,待人工复核,,,,2012,,,会议系列/活动平台,event,否，建议挂到行动库或工具库,行动库/事件层,S,c,AA2539,未命中UIA公开档案,未命中 UIA profile；未读到稳定官网；未检索到稳定中文名称,